{
    "cos_crlibm": 33.91302015757723,
    "cos_glibc": 8.798091431481572,
    "cos_openlibm": 8.797535842981356,
    "cos_vdt": 4.202227272011743,
    "cosf_glibc": 7.147819014266407,
    "cosf_openlibm": 7.240608235281758,
    "cosf_vdt": 4.473136722804234,
    "exp_crlibm": 53.91095223171666,
    "exp_glibc": 10.69546865395427,
    "exp_openlibm": 10.70000671044944,
    "exp_vdt": 5.318670106202236,
    "expf_glibc": 8.473551247975088,
    "expf_openlibm": 8.482892433547715,
    "expf_rlibm": 4.783137274227314,
    "expf_vdt": 5.192749430554412,
    "log_crlibm": 33.30687327243033,
    "log_glibc": 8.534146191630223,
    "log_openlibm": 8.533447670178589,
    "log_vdt": 5.991532326890656,
    "logf_glibc": 7.107309206521618,
    "logf_openlibm": 7.103894793927687,
    "logf_rlibm": 6.162349469142947,
    "logf_vdt": 5.798868056327778,
    "ml_exp_10": 8.686170366566849,
    "ml_exp_11": 9.25964095034977,
    "ml_exp_12": 9.419018256826714,
    "ml_exp_2": 4.833708780823462,
    "ml_exp_3": 5.5444610193544746,
    "ml_exp_4": 5.949256964419082,
    "ml_exp_5": 6.145384708161302,
    "ml_exp_6": 6.724648454498714,
    "ml_exp_7": 7.057329386326087,
    "ml_exp_8": 7.462077381024192,
    "ml_exp_9": 7.965367570568965,
    "sin_crlibm": 34.12889651814822,
    "sin_glibc": 8.725543942634594,
    "sin_openlibm": 8.768664144100685,
    "sin_vdt": 4.500500959675205,
    "sinf_glibc": 7.135168041480784,
    "sinf_openlibm": 7.275076413420306,
    "sinf_vdt": 4.697065859045487,
    "tan_crlibm": 80.18393381505875,
    "tan_glibc": 15.82877036828367,
    "tan_openlibm": 15.829937546035048,
    "tan_vdt": 8.902132790086213,
    "tanf_glibc": 8.485023267488655,
    "tanf_openlibm": 8.495163781243974,
    "tanf_vdt": 8.231494221387331
}
