{
    "cos_crlibm": 33.91302015757723,
    "cos_glibc": 8.798091431481572,
    "cos_openlibm": 8.797535842981356,
    "cos_vdt": 4.202227272011743,
    "cosf_glibc": 7.147819014266407,
    "cosf_openlibm": 7.240608235281758,
    "cosf_vdt": 4.473136722804234,
    "exp_crlibm": 53.91095223171666,
    "exp_glibc": 10.69546865395427,
    "exp_openlibm": 10.70000671044944,
    "exp_vdt": 5.318670106202236,
    "expf_glibc": 8.473551247975088,
    "expf_openlibm": 8.482892433547715,
    "expf_rlibm": 4.783137274227314,
    "expf_vdt": 5.192749430554412,
    "log_crlibm": 33.30687327243033,
    "log_glibc": 8.534146191630223,
    "log_openlibm": 8.533447670178589,
    "log_vdt": 5.991532326890656,
    "logf_glibc": 7.107309206521618,
    "logf_openlibm": 7.103894793927687,
    "logf_rlibm": 6.162349469142947,
    "logf_vdt": 5.798868056327778,
    "ml2_cos_10": 3.889491821855526,
    "ml2_cos_12": 4.165581214195846,
    "ml2_cos_14": 4.449478389038682,
    "ml2_cos_16": 4.731774083727425,
    "ml2_cos_18": 4.953755596984104,
    "ml2_cos_2": 2.9850561790495718,
    "ml2_cos_20": 5.235817593373089,
    "ml2_cos_4": 3.1310775543922214,
    "ml2_cos_6": 3.3423939778211214,
    "ml2_cos_8": 3.5868496994135906,
    "ml2_exp_1": 1.8223112913844821,
    "ml2_exp_10": 4.168126723275374,
    "ml2_exp_11": 4.7020155967655795,
    "ml2_exp_12": 4.856291305236555,
    "ml2_exp_2": 2.0484847628629232,
    "ml2_exp_3": 2.1936798854692294,
    "ml2_exp_4": 2.404224109431412,
    "ml2_exp_5": 2.6297763724532013,
    "ml2_exp_6": 2.8825640162005257,
    "ml2_exp_7": 3.1672388746165168,
    "ml2_exp_8": 3.4678610873879685,
    "ml2_exp_9": 3.7826898386700782,
    "ml2_log_1": 2.0489838353022,
    "ml2_log_10": 4.023749245387693,
    "ml2_log_11": 4.441734027036332,
    "ml2_log_12": 4.801781035591576,
    "ml2_log_13": 5.1749060789966235,
    "ml2_log_14": 5.4791606025247725,
    "ml2_log_15": 6.289183483708055,
    "ml2_log_16": 6.75293509791457,
    "ml2_log_2": 2.0487452531603325,
    "ml2_log_3": 2.2757240116297903,
    "ml2_log_4": 2.2760001844674966,
    "ml2_log_5": 2.3632493534297327,
    "ml2_log_6": 2.5818618916961427,
    "ml2_log_7": 2.941597140040394,
    "ml2_log_8": 3.257196917168943,
    "ml2_log_9": 3.5988080868970314,
    "ml2_raw_cos_10": 1.5936209519270328,
    "ml2_raw_cos_12": 1.8204300659260837,
    "ml2_raw_cos_14": 2.093753575175,
    "ml2_raw_cos_16": 2.3615295514767123,
    "ml2_raw_cos_18": 2.77437612342597,
    "ml2_raw_cos_2": 1.5928079801249864,
    "ml2_raw_cos_20": 3.4539839302333184,
    "ml2_raw_cos_4": 1.593152030367541,
    "ml2_raw_cos_6": 1.5924231098683481,
    "ml2_raw_cos_8": 1.5925048818435215,
    "ml2_raw_exp_1": 1.5926202514512295,
    "ml2_raw_exp_10": 2.887667871595299,
    "ml2_raw_exp_11": 3.180260766463287,
    "ml2_raw_exp_12": 3.3578366753223436,
    "ml2_raw_exp_2": 1.5931948204970063,
    "ml2_raw_exp_3": 1.5927354831970784,
    "ml2_raw_exp_4": 1.5944017305890825,
    "ml2_raw_exp_5": 1.8215135386759171,
    "ml2_raw_exp_6": 1.81982997320075,
    "ml2_raw_exp_7": 1.925996498210534,
    "ml2_raw_exp_8": 2.209892932316457,
    "ml2_raw_exp_9": 2.5468557486663763,
    "ml2_raw_log_1": 1.365501840414055,
    "ml2_raw_log_10": 2.8871351875515487,
    "ml2_raw_log_11": 3.1812509533293873,
    "ml2_raw_log_12": 3.5839036462369087,
    "ml2_raw_log_13": 4.051241677028602,
    "ml2_raw_log_14": 4.377553150966565,
    "ml2_raw_log_15": 4.69242878182797,
    "ml2_raw_log_16": 5.452387789139202,
    "ml2_raw_log_2": 1.3658656954248778,
    "ml2_raw_log_3": 1.593179550997557,
    "ml2_raw_log_4": 1.5934592441415925,
    "ml2_raw_log_5": 1.5936893209105305,
    "ml2_raw_log_6": 1.641880100671621,
    "ml2_raw_log_7": 1.8985423066945897,
    "ml2_raw_log_8": 2.210539549361434,
    "ml2_raw_log_9": 2.53621982625322,
    "ml2_raw_sin_1": 1.3655629035520291,
    "ml2_raw_sin_11": 1.6404199443253855,
    "ml2_raw_sin_13": 1.9346185877602746,
    "ml2_raw_sin_15": 2.228406014759974,
    "ml2_raw_sin_17": 2.219203453688862,
    "ml2_raw_sin_19": 2.533484127850469,
    "ml2_raw_sin_3": 1.3662105334014174,
    "ml2_raw_sin_5": 1.5935650680355855,
    "ml2_raw_sin_7": 1.5937696397268273,
    "ml2_raw_sin_9": 1.5943250338966217,
    "ml2_raw_tan_1": 1.3659620490843003,
    "ml2_raw_tan_11": 1.820088690615884,
    "ml2_raw_tan_13": 1.9348991712479304,
    "ml2_raw_tan_15": 2.225107128550792,
    "ml2_raw_tan_17": 2.5293512884814957,
    "ml2_raw_tan_19": 2.8972625277842443,
    "ml2_raw_tan_21": 3.2579927300920697,
    "ml2_raw_tan_23": 3.571844854595783,
    "ml2_raw_tan_25": 3.865806895585855,
    "ml2_raw_tan_3": 1.5935184098736264,
    "ml2_raw_tan_5": 1.5928458149777078,
    "ml2_raw_tan_7": 1.5924850958916017,
    "ml2_raw_tan_9": 1.8201076718208342,
    "ml2_raw_wide_cos_12": 1.82134144052599,
    "ml2_raw_wide_cos_14": 2.094401627939536,
    "ml2_raw_wide_cos_18": 2.7733389642820674,
    "ml2_raw_wide_cos_2": 1.593455327785905,
    "ml2_raw_wide_cos_20": 3.079445073476508,
    "ml2_raw_wide_cos_6": 1.5954888190475325,
    "ml2_raw_wide_cos_8": 1.5936961537146457,
    "ml2_raw_wide_sin_11": 1.8212244768428827,
    "ml2_raw_wide_sin_13": 1.934873889355714,
    "ml2_raw_wide_sin_15": 2.23855572966133,
    "ml2_raw_wide_sin_17": 2.5280604175561665,
    "ml2_raw_wide_sin_19": 2.8965525645239296,
    "ml2_raw_wide_sin_3": 1.5924342031668623,
    "ml2_raw_wide_sin_5": 1.5924384258155198,
    "ml2_raw_wide_sin_7": 1.5926795591189071,
    "ml2_raw_wide_sin_9": 1.8211232362806222,
    "ml2_sin_1": 2.9054136934105745,
    "ml2_sin_11": 4.266205314967873,
    "ml2_sin_13": 4.542153826833919,
    "ml2_sin_15": 4.781855604015203,
    "ml2_sin_17": 4.921133763627588,
    "ml2_sin_19": 5.185678404019997,
    "ml2_sin_3": 3.2371124826308715,
    "ml2_sin_5": 3.4723677973918563,
    "ml2_sin_7": 3.7527993644588635,
    "ml2_sin_9": 4.008742937148123,
    "ml2_tan_1": 3.002641106359544,
    "ml2_tan_11": 4.255525883819808,
    "ml2_tan_13": 4.911974346837807,
    "ml2_tan_15": 5.165503506728385,
    "ml2_tan_17": 5.510366340519605,
    "ml2_tan_19": 5.766935816927686,
    "ml2_tan_21": 6.040474325048306,
    "ml2_tan_23": 6.6506139270886395,
    "ml2_tan_25": 7.09162524761232,
    "ml2_tan_3": 3.184570814109252,
    "ml2_tan_5": 3.4375695958716257,
    "ml2_tan_7": 3.7004987454081695,
    "ml2_tan_9": 4.003642173888192,
    "ml2_wide_cos_12": 3.2256498710088692,
    "ml2_wide_cos_14": 3.5199290956145726,
    "ml2_wide_cos_18": 4.221882376022672,
    "ml2_wide_cos_2": 2.120417810353826,
    "ml2_wide_cos_20": 4.633652652437104,
    "ml2_wide_cos_6": 2.5315533638451546,
    "ml2_wide_cos_8": 2.7496988847063966,
    "ml2_wide_sin_11": 3.5443323259780013,
    "ml2_wide_sin_13": 3.909136395751364,
    "ml2_wide_sin_15": 4.158540237686386,
    "ml2_wide_sin_17": 4.5209515081518905,
    "ml2_wide_sin_19": 4.89718109180515,
    "ml2_wide_sin_3": 2.5991318671436283,
    "ml2_wide_sin_5": 2.78641492216906,
    "ml2_wide_sin_7": 3.042600530975608,
    "ml2_wide_sin_9": 3.278766954474358,
    "ml_exp_10": 8.686170366566849,
    "ml_exp_11": 9.25964095034977,
    "ml_exp_12": 9.419018256826714,
    "ml_exp_2": 4.833708780823462,
    "ml_exp_3": 5.5444610193544746,
    "ml_exp_4": 5.949256964419082,
    "ml_exp_5": 6.145384708161302,
    "ml_exp_6": 6.724648454498714,
    "ml_exp_7": 7.057329386326087,
    "ml_exp_8": 7.462077381024192,
    "ml_exp_9": 7.965367570568965,
    "sin_crlibm": 34.12889651814822,
    "sin_glibc": 8.725543942634594,
    "sin_openlibm": 8.768664144100685,
    "sin_vdt": 4.500500959675205,
    "sinf_glibc": 7.135168041480784,
    "sinf_openlibm": 7.275076413420306,
    "sinf_vdt": 4.697065859045487,
    "tan_crlibm": 80.18393381505875,
    "tan_glibc": 15.82877036828367,
    "tan_openlibm": 15.829937546035048,
    "tan_vdt": 8.902132790086213,
    "tanf_glibc": 8.485023267488655,
    "tanf_openlibm": 8.495163781243974,
    "tanf_vdt": 8.231494221387331
}
