{
    "exp_crlibm": 54.88338002326096,
    "exp_glibc": 10.755981890976786,
    "exp_mpfr": 982.2512545163527,
    "exp_openlibm": 10.756119788065062,
    "exp_vdt": 2.048465430404382,
    "expf_glibc": 8.238193813966843,
    "expf_openlibm": 8.240107389089783,
    "expf_rlibm": 2.5034778917291556,
    "expf_vdt": 5.060895625294723,
    "log_crlibm": 32.98546276782969,
    "log_glibc": 8.523082148330403,
    "log_mpfr": 1231.0039461042234,
    "log_openlibm": 8.523595303516537,
    "log_vdt": 5.982948762461716,
    "logf_glibc": 7.086457028376516,
    "logf_openlibm": 7.075289980562291,
    "logf_rlibm": 6.14859662924604,
    "logf_vdt": 5.79878847752799,
    "ml2_exp_1": 1.787563179244075,
    "ml2_exp_10": 4.169491964356406,
    "ml2_exp_11": 4.646042265408372,
    "ml2_exp_12": 4.859879727552309,
    "ml2_exp_2": 1.996446344084392,
    "ml2_exp_3": 2.181011340891609,
    "ml2_exp_4": 2.404403092282562,
    "ml2_exp_5": 2.6257264134086977,
    "ml2_exp_6": 2.8829399174744235,
    "ml2_exp_7": 3.1697236248222502,
    "ml2_exp_8": 3.4696517549420793,
    "ml2_exp_9": 3.7835710640420253,
    "ml2_log_1": 2.0501693138281563,
    "ml2_log_10": 3.9712448445799327,
    "ml2_log_11": 4.43851148187389,
    "ml2_log_12": 4.798128678238318,
    "ml2_log_13": 5.110451106368453,
    "ml2_log_14": 5.479002818294287,
    "ml2_log_15": 6.289914438844438,
    "ml2_log_16": 6.751648686689947,
    "ml2_log_2": 2.0509759308236326,
    "ml2_log_3": 2.279442773106515,
    "ml2_log_4": 2.279105196866836,
    "ml2_log_5": 2.5067044750394736,
    "ml2_log_6": 2.5944698093916014,
    "ml2_log_7": 2.945334789142772,
    "ml2_log_8": 3.2606899064834725,
    "ml2_log_9": 3.6022156386241133,
    "ml2_raw_exp_1": 1.3655999654965252,
    "ml2_raw_exp_10": 2.8874214495482886,
    "ml2_raw_exp_11": 3.1800346909543977,
    "ml2_raw_exp_12": 3.3944602429014434,
    "ml2_raw_exp_2": 1.3658688496618026,
    "ml2_raw_exp_3": 1.3654541527781001,
    "ml2_raw_exp_4": 1.366337071330252,
    "ml2_raw_exp_5": 1.5931037401490586,
    "ml2_raw_exp_6": 1.6415851594931428,
    "ml2_raw_exp_7": 1.9055859788620746,
    "ml2_raw_exp_8": 2.209506446125988,
    "ml2_raw_exp_9": 2.566557152798466,
    "ml2_raw_log_1": 1.1376734015711965,
    "ml2_raw_log_10": 2.8863059573428194,
    "ml2_raw_log_11": 3.181096111551013,
    "ml2_raw_log_12": 3.5831489051818184,
    "ml2_raw_log_13": 4.004684969346722,
    "ml2_raw_log_14": 4.436107595503785,
    "ml2_raw_log_15": 4.697238897012739,
    "ml2_raw_log_16": 5.454943469813735,
    "ml2_raw_log_2": 1.1381663121162822,
    "ml2_raw_log_3": 1.365809488942746,
    "ml2_raw_log_4": 1.3669627291266768,
    "ml2_raw_log_5": 1.3909056250100773,
    "ml2_raw_log_6": 1.642088790824566,
    "ml2_raw_log_7": 1.9164776720512335,
    "ml2_raw_log_8": 2.2086091663119856,
    "ml2_raw_log_9": 2.5404296624488745,
    "ml2_raw_sin_1": 1.1377437352916198,
    "ml2_raw_sin_11": 1.641911723337264,
    "ml2_raw_sin_13": 1.935615642040866,
    "ml2_raw_sin_15": 2.227826168863856,
    "ml2_raw_sin_17": 2.220012403099647,
    "ml2_raw_sin_19": 2.5353910570572356,
    "ml2_raw_sin_3": 1.1392445339896422,
    "ml2_raw_sin_5": 1.3659068453453713,
    "ml2_raw_sin_7": 1.3698420533290243,
    "ml2_raw_sin_9": 1.390893281797994,
    "ml2_raw_tan_1": 1.1375470785031874,
    "ml2_raw_tan_11": 1.6400266111115527,
    "ml2_raw_tan_13": 1.9359338626150013,
    "ml2_raw_tan_15": 2.2153604613434155,
    "ml2_raw_tan_17": 2.5314542868640335,
    "ml2_raw_tan_19": 2.8956148312177876,
    "ml2_raw_tan_21": 3.2567993014131984,
    "ml2_raw_tan_23": 3.6346115140903548,
    "ml2_raw_tan_25": 3.8640690504475463,
    "ml2_raw_tan_3": 1.36531459737593,
    "ml2_raw_tan_5": 1.3662277815347754,
    "ml2_raw_tan_7": 1.3701306307560528,
    "ml2_raw_tan_9": 1.594231216415044,
    "ml2_sin_1": 2.8567021424960313,
    "ml2_sin_11": 4.240237487789021,
    "ml2_sin_13": 4.497691930864822,
    "ml2_sin_15": 4.752984838589663,
    "ml2_sin_17": 4.880668110356722,
    "ml2_sin_19": 5.160560952336893,
    "ml2_sin_3": 3.2004460315643786,
    "ml2_sin_5": 3.429613485395674,
    "ml2_sin_7": 3.7272790275264462,
    "ml2_sin_9": 3.9853763663186146,
    "ml2_tan_1": 2.9551628607398346,
    "ml2_tan_11": 4.254661090587372,
    "ml2_tan_13": 4.69389841290504,
    "ml2_tan_15": 5.059219769139655,
    "ml2_tan_17": 5.309520734132793,
    "ml2_tan_19": 5.660729377852893,
    "ml2_tan_21": 5.994565748722682,
    "ml2_tan_23": 6.633260433641623,
    "ml2_tan_25": 7.07923596042427,
    "ml2_tan_3": 3.1271509658493133,
    "ml2_tan_5": 3.4233903471267766,
    "ml2_tan_7": 3.6559149115429643,
    "ml2_tan_9": 3.9471462397898374,
    "ml_exp_10": 8.716056185946913,
    "ml_exp_11": 9.154946204715083,
    "ml_exp_12": 9.366428513603926,
    "ml_exp_2": 4.943681299162445,
    "ml_exp_3": 5.565520704564776,
    "ml_exp_4": 6.080297590423737,
    "ml_exp_5": 6.220628629868291,
    "ml_exp_6": 6.752565129043669,
    "ml_exp_7": 7.127824552007931,
    "ml_exp_8": 7.455868268962941,
    "ml_exp_9": 7.953064630563786,
    "ml_log_1": 6.134500640345579,
    "ml_log_10": 9.759993094279915,
    "ml_log_11": 10.257464950430977,
    "ml_log_12": 10.711263013671461,
    "ml_log_13": 11.359020960872801,
    "ml_log_14": 12.457444360350292,
    "ml_log_15": 12.308133885436126,
    "ml_log_16": 12.62186894890903,
    "ml_log_2": 6.630185331789774,
    "ml_log_3": 7.19716251016083,
    "ml_log_4": 7.564712247211972,
    "ml_log_5": 7.865202199287141,
    "ml_log_6": 8.500232013894516,
    "ml_log_7": 8.728041465431865,
    "ml_log_8": 9.064664056389002,
    "ml_log_9": 9.678043974261055,
    "ml_sin_1": 11.153087908588452,
    "ml_sin_2": 11.116726857256715,
    "ml_sin_3": 11.17077067287393,
    "ml_sin_4": 11.098095769601237,
    "ml_sin_5": 11.1581621903373,
    "sin_crlibm": 34.151096562610334,
    "sin_glibc": 8.7309798378676,
    "sin_mpfr": 1612.3086877186631,
    "sin_openlibm": 8.73118040781643,
    "sin_vdt": 4.399322579995564,
    "sinf_glibc": 7.1428664521355145,
    "sinf_openlibm": 7.270781114475569,
    "sinf_vdt": 4.675623536332627,
    "tan_crlibm": 80.83120063190496,
    "tan_glibc": 15.95729230948863,
    "tan_mpfr": 1768.3993466927375,
    "tan_openlibm": 15.954968151870078,
    "tan_vdt": 8.901773765593834,
    "tanf_glibc": 8.52468278526003,
    "tanf_openlibm": 8.521415844776232,
    "tanf_vdt": 8.23289335068746
}
