{
    "cos_amdlibm": 7.206318661346581,
    "cos_crlibm": 34.098319590880635,
    "cos_glibc": 8.866331808168965,
    "cos_openlibm": 8.84387623813053,
    "cos_povray": 3.1858568246084924,
    "cos_vdt": 4.212155203041831,
    "cosf_amdlibm": 6.804190132280612,
    "cosf_glibc": 7.14910731120547,
    "cosf_openlibm": 7.124775833577919,
    "cosf_vdt": 4.4899164216027,
    "exp_amdlibm": 4.784811986390893,
    "exp_crlibm": 54.06340150491056,
    "exp_glibc": 10.708267821707182,
    "exp_openlibm": 10.701046453567033,
    "exp_vdt": 5.318480204205547,
    "expf_amdlibm": 4.677870442313214,
    "expf_glibc": 8.454945129769001,
    "expf_openlibm": 8.457849200459965,
    "expf_rlibm": 5.058240819429715,
    "expf_vdt": 5.197466538167563,
    "log_amdlibm": 4.361205215274395,
    "log_crlibm": 32.94148781104331,
    "log_glibc": 8.523528125833236,
    "log_openlibm": 8.524004064014282,
    "log_vdt": 5.985706135038373,
    "logf_amdlibm": 5.880910651727948,
    "logf_glibc": 7.106797858286931,
    "logf_openlibm": 7.087985642410346,
    "logf_rlibm": 6.273674157397929,
    "logf_vdt": 5.8002651796875,
    "ml2_cos_10": 3.877828722611833,
    "ml2_cos_12": 4.170114920250767,
    "ml2_cos_14": 4.450864612477562,
    "ml2_cos_16": 4.723969144174184,
    "ml2_cos_18": 4.964211011957423,
    "ml2_cos_2": 2.983118076317527,
    "ml2_cos_20": 5.214350819295734,
    "ml2_cos_4": 3.144390265077378,
    "ml2_cos_6": 3.3742058191933975,
    "ml2_cos_8": 3.6222012237075405,
    "ml2_exp_1": 1.8223123753285375,
    "ml2_exp_10": 4.170481023016229,
    "ml2_exp_11": 4.645913792379948,
    "ml2_exp_12": 4.861832949571206,
    "ml2_exp_2": 1.9966404496261698,
    "ml2_exp_3": 2.1869891768781033,
    "ml2_exp_4": 2.4061043459975093,
    "ml2_exp_5": 2.6299517538220805,
    "ml2_exp_6": 2.8822968606642245,
    "ml2_exp_7": 3.16904140448859,
    "ml2_exp_8": 3.9307168433959627,
    "ml2_exp_9": 3.789919032878985,
    "ml2_log_1": 2.0484606231617635,
    "ml2_log_10": 4.033734909881672,
    "ml2_log_11": 4.443454671140894,
    "ml2_log_12": 4.801044130977362,
    "ml2_log_13": 5.113356342619066,
    "ml2_log_14": 5.481570675414961,
    "ml2_log_15": 6.292021391803968,
    "ml2_log_16": 6.747576626764423,
    "ml2_log_2": 2.0494929466556417,
    "ml2_log_3": 2.050095274759759,
    "ml2_log_4": 2.277119189246036,
    "ml2_log_5": 2.364575130712148,
    "ml2_log_6": 2.5783082733229836,
    "ml2_log_7": 2.943250318523658,
    "ml2_log_8": 3.2593939086504613,
    "ml2_log_9": 3.600299060503512,
    "ml2_raw_cos_10": 1.8226067098854524,
    "ml2_raw_cos_12": 1.8236715841238704,
    "ml2_raw_cos_14": 2.098632825469719,
    "ml2_raw_cos_16": 2.3662864609274816,
    "ml2_raw_cos_18": 2.7796182776527365,
    "ml2_raw_cos_2": 1.3662646961208533,
    "ml2_raw_cos_20": 3.0819871690972573,
    "ml2_raw_cos_4": 1.3667260799061136,
    "ml2_raw_cos_6": 1.5941706195180054,
    "ml2_raw_cos_8": 1.822331286175495,
    "ml2_raw_exp_1": 1.3652675580375442,
    "ml2_raw_exp_10": 2.8866020335417852,
    "ml2_raw_exp_11": 3.1816809188672606,
    "ml2_raw_exp_12": 3.4143400646186346,
    "ml2_raw_exp_2": 1.3664896773860575,
    "ml2_raw_exp_3": 1.5932543412792048,
    "ml2_raw_exp_4": 1.5940293124305684,
    "ml2_raw_exp_5": 1.5939288401735028,
    "ml2_raw_exp_6": 1.6428011996837635,
    "ml2_raw_exp_7": 1.8974958429248558,
    "ml2_raw_exp_8": 3.1214520690827525,
    "ml2_raw_exp_9": 2.5355912383282937,
    "ml2_raw_log_1": 1.5938251177167824,
    "ml2_raw_log_10": 2.889117292276326,
    "ml2_raw_log_11": 3.1795017621790644,
    "ml2_raw_log_12": 3.5863081993343644,
    "ml2_raw_log_13": 4.100138042498232,
    "ml2_raw_log_14": 4.3761029583807804,
    "ml2_raw_log_15": 4.700117458777004,
    "ml2_raw_log_16": 5.454048217713518,
    "ml2_raw_log_2": 1.5921578828146457,
    "ml2_raw_log_3": 1.593849488763201,
    "ml2_raw_log_4": 1.5937883107427842,
    "ml2_raw_log_5": 1.8214678301773397,
    "ml2_raw_log_6": 1.8211992074232846,
    "ml2_raw_log_7": 1.90238712568504,
    "ml2_raw_log_8": 2.211222047578363,
    "ml2_raw_log_9": 2.5487635020405572,
    "ml2_raw_sin_1": 1.3651233661299897,
    "ml2_raw_sin_11": 1.820349479934461,
    "ml2_raw_sin_13": 1.9355328533293696,
    "ml2_raw_sin_15": 2.2261572705733923,
    "ml2_raw_sin_17": 2.2197024429703807,
    "ml2_raw_sin_19": 2.5373409049860727,
    "ml2_raw_sin_3": 1.5934462366985362,
    "ml2_raw_sin_5": 1.5930086999605797,
    "ml2_raw_sin_7": 1.5949058184950953,
    "ml2_raw_sin_9": 1.820138471445346,
    "ml2_raw_tan_1": 1.3657021982440258,
    "ml2_raw_tan_11": 1.6423784031344648,
    "ml2_raw_tan_13": 1.9357685649531737,
    "ml2_raw_tan_15": 2.222548598497334,
    "ml2_raw_tan_17": 2.532241939655462,
    "ml2_raw_tan_19": 2.898201211580714,
    "ml2_raw_tan_21": 3.2577644128092893,
    "ml2_raw_tan_23": 3.5581200348586797,
    "ml2_raw_tan_25": 3.9437251562975764,
    "ml2_raw_tan_3": 1.3658768398272174,
    "ml2_raw_tan_5": 1.5938354259156435,
    "ml2_raw_tan_7": 1.5934060263285899,
    "ml2_raw_tan_9": 1.5942379213129256,
    "ml2_raw_wide_cos_12": 1.8214840560891314,
    "ml2_raw_wide_cos_14": 2.0950965526706287,
    "ml2_raw_wide_cos_18": 2.7735588939801983,
    "ml2_raw_wide_cos_2": 1.3653931417803313,
    "ml2_raw_wide_cos_20": 3.0814269528071803,
    "ml2_raw_wide_cos_6": 1.593309161452504,
    "ml2_raw_wide_cos_8": 1.82150829300101,
    "ml2_raw_wide_sin_11": 1.6419286482620545,
    "ml2_raw_wide_sin_13": 1.9364581991257868,
    "ml2_raw_wide_sin_15": 2.2304618237143994,
    "ml2_raw_wide_sin_17": 2.5332769810773925,
    "ml2_raw_wide_sin_19": 2.8965163654161583,
    "ml2_raw_wide_sin_3": 1.3659445256112097,
    "ml2_raw_wide_sin_5": 1.5935298319466207,
    "ml2_raw_wide_sin_7": 1.5928307379105586,
    "ml2_raw_wide_sin_9": 1.5941967231533376,
    "ml2_sin_1": 2.8912443942768142,
    "ml2_sin_11": 4.264871248557443,
    "ml2_sin_13": 4.612276728455758,
    "ml2_sin_15": 4.787490769901568,
    "ml2_sin_17": 4.916849707269791,
    "ml2_sin_19": 5.189302475110702,
    "ml2_sin_3": 3.425327013328825,
    "ml2_sin_5": 3.478798051357556,
    "ml2_sin_7": 3.7678557212141195,
    "ml2_sin_9": 4.015692873555072,
    "ml2_tan_1": 3.0190354693415316,
    "ml2_tan_11": 4.249906193870003,
    "ml2_tan_13": 4.908619567570794,
    "ml2_tan_15": 5.169535702346048,
    "ml2_tan_17": 5.46239950846402,
    "ml2_tan_19": 5.699889272497761,
    "ml2_tan_21": 6.035452795395621,
    "ml2_tan_23": 6.692262601356588,
    "ml2_tan_25": 7.156958915053972,
    "ml2_tan_3": 3.1895042017959097,
    "ml2_tan_5": 3.460223007221209,
    "ml2_tan_7": 3.7387965727271983,
    "ml2_tan_9": 3.998455214317889,
    "ml2_wide_cos_12": 3.233119457731301,
    "ml2_wide_cos_14": 3.532904750978343,
    "ml2_wide_cos_18": 4.220773788416945,
    "ml2_wide_cos_2": 2.1198990329518854,
    "ml2_wide_cos_20": 4.6175997537160285,
    "ml2_wide_cos_6": 2.522740774541549,
    "ml2_wide_cos_8": 2.7493205295581498,
    "ml2_wide_sin_11": 3.553500153397315,
    "ml2_wide_sin_13": 3.848965669059582,
    "ml2_wide_sin_15": 4.151921430951253,
    "ml2_wide_sin_17": 4.524869697017725,
    "ml2_wide_sin_19": 4.90127027453387,
    "ml2_wide_sin_3": 2.603507047569261,
    "ml2_wide_sin_5": 2.87394673691907,
    "ml2_wide_sin_7": 3.0395263727121793,
    "ml2_wide_sin_9": 3.3015209645319286,
    "ml_exp_10": 8.691677651867144,
    "ml_exp_11": 9.258293747385064,
    "ml_exp_12": 9.42468681148379,
    "ml_exp_2": 4.837593155441143,
    "ml_exp_3": 5.52841524281662,
    "ml_exp_4": 5.953360086443091,
    "ml_exp_5": 6.198990926048059,
    "ml_exp_6": 6.729763884802365,
    "ml_exp_7": 7.0336323793008315,
    "ml_exp_8": 7.563342897185155,
    "ml_exp_9": 8.051646544268609,
    "sin_amdlibm": 7.5640965152420385,
    "sin_crlibm": 35.44709975490116,
    "sin_glibc": 8.760681552525043,
    "sin_openlibm": 8.761310276181408,
    "sin_povray": 3.1859407859391164,
    "sin_vdt": 4.414525651397087,
    "sinf_amdlibm": 7.021847845813445,
    "sinf_glibc": 7.140658381726748,