{
    "cos_crlibm": 33.758120065814445,
    "cos_glibc": 8.800215712185427,
    "cos_mpfr": 1237.0954189266574,
    "cos_openlibm": 8.800287323386934,
    "cos_vdt": 4.2002480824485975,
    "cosf_glibc": 7.207919913961247,
    "cosf_openlibm": 7.176662364955698,
    "cosf_vdt": 4.47426997244331,
    "exp_crlibm": 54.01942092436509,
    "exp_glibc": 10.768559293578024,
    "exp_mpfr": 983.6761718994659,
    "exp_openlibm": 10.77307570921132,
    "exp_vdt": 5.315599281989656,
    "expf_glibc": 8.455782378803093,
    "expf_openlibm": 8.453008279859976,
    "expf_rlibm": 4.806506840524862,
    "expf_vdt": 5.196492914165224,
    "log_crlibm": 33.27796878624795,
    "log_glibc": 8.521715869172784,
    "log_mpfr": 1238.259973848821,
    "log_openlibm": 8.51916958028306,
    "log_vdt": 5.987096219400738,
    "logf_glibc": 7.072395791442194,
    "logf_openlibm": 7.070513718563943,
    "logf_rlibm": 6.150685020032482,
    "logf_vdt": 5.871792377648821,
    "ml2_cos_10": 3.8898249116894585,
    "ml2_cos_12": 4.171464346232903,
    "ml2_cos_14": 4.5366134531471545,
    "ml2_cos_16": 4.716027626405052,
    "ml2_cos_18": 4.963261780916516,
    "ml2_cos_2": 2.9840135467343756,
    "ml2_cos_20": 5.291938378081058,
    "ml2_cos_4": 3.224688984862173,
    "ml2_cos_6": 3.3353347590974276,
    "ml2_cos_8": 3.601724371175318,
    "ml2_exp_1": 1.790428682313349,
    "ml2_exp_10": 4.166025297712925,
    "ml2_exp_11": 4.646618919304062,
    "ml2_exp_12": 4.857723420347955,
    "ml2_exp_2": 1.9967550940698935,
    "ml2_exp_3": 2.190672337559273,
    "ml2_exp_4": 2.403428186139924,
    "ml2_exp_5": 2.6278173398896922,
    "ml2_exp_6": 2.879679299077586,
    "ml2_exp_7": 3.1668073681658333,
    "ml2_exp_8": 3.4677834529835305,
    "ml2_exp_9": 3.785476117610556,
    "ml2_log_1": 2.048365688270594,
    "ml2_log_10": 4.015798854065834,
    "ml2_log_11": 4.439887448284418,
    "ml2_log_12": 4.802280376548753,
    "ml2_log_13": 5.112925173303103,
    "ml2_log_14": 5.475561482303761,
    "ml2_log_15": 6.288192453430062,
    "ml2_log_16": 6.745436556401326,
    "ml2_log_2": 2.275332086423311,
    "ml2_log_3": 2.274755037788811,
    "ml2_log_4": 2.53353837314526,
    "ml2_log_5": 2.3624769847264373,
    "ml2_log_6": 2.596704686714472,
    "ml2_log_7": 2.941365777209693,
    "ml2_log_8": 3.2569682673027973,
    "ml2_log_9": 3.5990856671766402,
    "ml2_raw_cos_10": 1.5934674213449478,
    "ml2_raw_cos_12": 1.7914042147904699,
    "ml2_raw_cos_14": 2.093901988141257,
    "ml2_raw_cos_16": 2.3704152934536986,
    "ml2_raw_cos_18": 2.7735439162662936,
    "ml2_raw_cos_2": 1.137620644371008,
    "ml2_raw_cos_20": 3.1414970628269057,
    "ml2_raw_cos_4": 1.1388358345616874,
    "ml2_raw_cos_6": 1.365561652637885,
    "ml2_raw_cos_8": 1.5932159973393558,
    "ml2_raw_exp_1": 1.1378091248932276,
    "ml2_raw_exp_10": 2.887450595716,
    "ml2_raw_exp_11": 3.1799005455591547,
    "ml2_raw_exp_12": 3.397193708320622,
    "ml2_raw_exp_2": 1.1377690295406924,
    "ml2_raw_exp_3": 1.3650188963962233,
    "ml2_raw_exp_4": 1.3657277925126265,
    "ml2_raw_exp_5": 1.393415938910764,
    "ml2_raw_exp_6": 1.6416648252226476,
    "ml2_raw_exp_7": 1.8973134144870516,
    "ml2_raw_exp_8": 2.2081103519943404,
    "ml2_raw_exp_9": 2.5294250385088937,
    "ml2_raw_log_1": 1.3648838592478216,
    "ml2_raw_log_10": 2.887391042598653,
    "ml2_raw_log_11": 3.1825657016624453,
    "ml2_raw_log_12": 3.583804315871363,
    "ml2_raw_log_13": 4.0289589364354805,
    "ml2_raw_log_14": 4.378835976665728,
    "ml2_raw_log_15": 4.695518148659848,
    "ml2_raw_log_16": 5.451302294525142,
    "ml2_raw_log_2": 1.364741858327141,
    "ml2_raw_log_3": 1.3648950762962162,
    "ml2_raw_log_4": 2.030358563954401,
    "ml2_raw_log_5": 1.5921475887876313,
    "ml2_raw_log_6": 1.6415938269784378,
    "ml2_raw_log_7": 1.923009144548599,
    "ml2_raw_log_8": 2.2085932606953413,
    "ml2_raw_log_9": 2.5592857916675986,
    "ml2_raw_sin_1": 1.137541378402107,
    "ml2_raw_sin_11": 1.641103346039683,
    "ml2_raw_sin_13": 1.9368211577916579,
    "ml2_raw_sin_15": 2.215845838589355,
    "ml2_raw_sin_17": 2.219328543983417,
    "ml2_raw_sin_19": 2.5350597639497288,
    "ml2_raw_sin_3": 1.365819897722426,
    "ml2_raw_sin_5": 1.365549343431987,
    "ml2_raw_sin_7": 1.3714226046398947,
    "ml2_raw_sin_9": 1.5953330032709743,
    "ml2_raw_tan_1": 1.137153557915392,
    "ml2_raw_tan_11": 1.6417984487569628,
    "ml2_raw_tan_13": 1.9362007147389062,
    "ml2_raw_tan_15": 2.219839188023513,
    "ml2_raw_tan_17": 2.532235079076931,
    "ml2_raw_tan_19": 2.892683385483178,
    "ml2_raw_tan_21": 3.2554734393497817,
    "ml2_raw_tan_23": 3.5573811944217764,
    "ml2_raw_tan_25": 3.86317045834602,
    "ml2_raw_tan_3": 1.1388722778393496,
    "ml2_raw_tan_5": 1.3653854196779383,
    "ml2_raw_tan_7": 1.3711307779384267,
    "ml2_raw_tan_9": 1.3903211761502665,
    "ml2_sin_1": 2.9151638223347445,
    "ml2_sin_11": 4.275563302813707,
    "ml2_sin_13": 4.612578479679541,
    "ml2_sin_15": 4.780930992852901,
    "ml2_sin_17": 4.992018089474003,
    "ml2_sin_19": 5.18893603613603,
    "ml2_sin_3": 3.24815827825894,
    "ml2_sin_5": 3.476702008994348,
    "ml2_sin_7": 3.7534711687598974,
    "ml2_sin_9": 4.090665003588359,
    "ml2_tan_1": 3.001703536667276,
    "ml2_tan_11": 4.255227516599255,
    "ml2_tan_13": 4.835932600166398,
    "ml2_tan_15": 5.163152505401754,
    "ml2_tan_17": 5.351356793180308,
    "ml2_tan_19": 5.696094032664202,
    "ml2_tan_21": 6.039357585374251,
    "ml2_tan_23": 6.645058077807667,
    "ml2_tan_25": 7.194029301612578,
    "ml2_tan_3": 3.177559189355078,
    "ml2_tan_5": 3.448429848286992,
    "ml2_tan_7": 3.705130293980202,
    "ml2_tan_9": 3.9913851205289705,
    "ml_exp_10": 8.688785701916702,
    "ml_exp_11": 9.260909922092027,
    "ml_exp_12": 9.419575379591132,
    "ml_exp_2": 4.831950924896731,
    "ml_exp_3": 5.538718605551668,
    "ml_exp_4": 5.949985381723431,
    "ml_exp_5": 6.187101960969973,
    "ml_exp_6": 6.754987919507736,
    "ml_exp_7": 7.057721208404837,
    "ml_exp_8": 7.460915683323964,
    "ml_exp_9": 7.964015404060068,
    "sin_crlibm": 33.95559095165247,
    "sin_glibc": 8.762697315250385,
    "sin_mpfr": 1618.7573504943255,
    "sin_openlibm": 8.759240101060103,
    "sin_vdt": 4.416950438104293,
    "sinf_glibc": 7.171317269919569,
    "sinf_openlibm": 7.17388608348562,
    "sinf_vdt": 4.693472023664303,
    "tan_crlibm": 80.45929582218209,
    "tan_glibc": 15.859798135443201,
    "tan_mpfr": 1774.9373879411467,
    "tan_openlibm": 15.85380393613964,
    "tan_vdt": 8.904556166351227,
    "tanf_glibc": 8.522011497201243,
    "tanf_openlibm": 8.52244907288072,
    "tanf_vdt": 8.224339004424701
}
