{
    "cos_crlibm": 34.10651091983882,
    "cos_glibc": 9.053444739061106,
    "cos_mpfr": 1388.9348189084867,
    "cos_openlibm": 9.018675711209918,
    "cos_povray": 3.331522483511484,
    "cos_vdt": 4.351818020424614,
    "cosf_glibc": 7.35801270485814,
    "cosf_openlibm": 7.217455959740759,
    "cosf_vdt": 5.170972026749944,
    "exp_crlibm": 56.409865257144126,
    "exp_glibc": 13.043598689366538,
    "exp_mpfr": 1002.9901495589008,
    "exp_openlibm": 12.444510734398348,
    "exp_vdt": 5.413643262966704,
    "expf_glibc": 8.664929463048598,
    "expf_openlibm": 9.352515733315782,
    "expf_rlibm": 5.149635024516913,
    "expf_vdt": 5.280790054453593,
    "log_crlibm": 34.01427233696633,
    "log_glibc": 8.591681712525473,
    "log_mpfr": 1485.2575820921481,
    "log_openlibm": 8.669712704385706,
    "log_vdt": 6.253228143091995,
    "logf_glibc": 7.298183787147449,
    "logf_openlibm": 8.148152578211306,
    "logf_rlibm": 6.580770589991044,
    "logf_vdt": 5.899282122944351,
    "ml2_cos_10": 3.956713283412769,
    "ml2_cos_12": 4.656217391583881,
    "ml2_cos_14": 4.50650589594048,
    "ml2_cos_16": 4.97275206163618,
    "ml2_cos_18": 5.340384462211354,
    "ml2_cos_2": 3.018711954882382,
    "ml2_cos_20": 5.320508222642133,
    "ml2_cos_4": 3.1853180781636006,
    "ml2_cos_6": 3.4654038050691507,
    "ml2_cos_8": 3.875668520828175,
    "ml2_exp_1": 1.8242761043689055,
    "ml2_exp_10": 4.4794919218235165,
    "ml2_exp_11": 4.792546026250432,
    "ml2_exp_12": 5.5036645653015,
    "ml2_exp_2": 2.208053722977326,
    "ml2_exp_3": 2.2169439922583196,
    "ml2_exp_4": 2.517608508398588,
    "ml2_exp_5": 2.7826134695313955,
    "ml2_exp_6": 2.9360304683357894,
    "ml2_exp_7": 3.533457493927129,
    "ml2_exp_8": 3.513826640449297,
    "ml2_exp_9": 4.009768607599254,
    "ml2_log_1": 2.3101987644422683,
    "ml2_log_10": 4.192071655988741,
    "ml2_log_11": 4.512542174219858,
    "ml2_log_12": 5.605642065706055,
    "ml2_log_13": 5.250718874179282,
    "ml2_log_14": 5.596952085537781,
    "ml2_log_15": 7.1159453450194325,
    "ml2_log_16": 6.971220581732945,
    "ml2_log_2": 2.086377849535372,
    "ml2_log_3": 2.3317753144214857,
    "ml2_log_4": 2.313615743236204,
    "ml2_log_5": 2.618492109021223,
    "ml2_log_6": 2.642805424081369,
    "ml2_log_7": 3.2957111900899885,
    "ml2_log_8": 3.3253538102303106,
    "ml2_log_9": 3.8397219846461685,
    "ml2_raw_cos_10": 1.8196219247291665,
    "ml2_raw_cos_12": 1.8263602773114667,
    "ml2_raw_cos_14": 2.2863978257996753,
    "ml2_raw_cos_16": 2.528088034969105,
    "ml2_raw_cos_18": 2.818765776219204,
    "ml2_raw_cos_2": 1.1582651282052876,
    "ml2_raw_cos_20": 3.3484393535967167,
    "ml2_raw_cos_4": 1.2676974111939276,
    "ml2_raw_cos_6": 1.3843163617298089,
    "ml2_raw_cos_8": 1.649146974482764,
    "ml2_raw_exp_1": 1.2113181323683686,
    "ml2_raw_exp_10": 2.9248200828671176,
    "ml2_raw_exp_11": 3.348356814940976,
    "ml2_raw_exp_12": 3.7996079146347252,
    "ml2_raw_exp_2": 1.157853987698201,
    "ml2_raw_exp_3": 1.38321796304669,
    "ml2_raw_exp_4": 1.5466696937224442,
    "ml2_raw_exp_5": 1.4157581254913476,
    "ml2_raw_exp_6": 1.734769403332617,
    "ml2_raw_exp_7": 1.9888860611946353,
    "ml2_raw_exp_8": 2.2609680335304323,
    "ml2_raw_exp_9": 2.833787250735685,
    "ml2_raw_log_1": 1.3858442764608623,
    "ml2_raw_log_10": 3.0844909880091804,
    "ml2_raw_log_11": 3.235588920274146,
    "ml2_raw_log_12": 4.098125342074935,
    "ml2_raw_log_13": 4.095824860111301,
    "ml2_raw_log_14": 4.515788707324846,
    "ml2_raw_log_15": 5.09890236073923,
    "ml2_raw_log_16": 5.5647354944371585,
    "ml2_raw_log_2": 1.4725785284958957,
    "ml2_raw_log_3": 1.3821155007642214,
    "ml2_raw_log_4": 1.469875968103596,
    "ml2_raw_log_5": 1.6547552915538173,
    "ml2_raw_log_6": 1.6780970338744703,
    "ml2_raw_log_7": 2.1360651489814146,
    "ml2_raw_log_8": 2.242697551432249,
    "ml2_raw_log_9": 2.6954209065844874,
    "ml2_raw_sin_1": 1.2541229403120842,
    "ml2_raw_sin_11": 1.9503996678230142,
    "ml2_raw_sin_13": 1.9616508671185946,
    "ml2_raw_sin_15": 2.328517724801594,
    "ml2_raw_sin_17": 2.4055911319650884,
    "ml2_raw_sin_19": 2.5801538294526027,
    "ml2_raw_sin_3": 1.378177841374897,
    "ml2_raw_sin_5": 1.4215304461131197,
    "ml2_raw_sin_7": 1.4415394902435703,
    "ml2_raw_sin_9": 1.6227540729191057,
    "ml2_raw_tan_1": 1.1504013670614617,
    "ml2_raw_tan_11": 1.6631185410273264,
    "ml2_raw_tan_13": 2.0571146152237065,
    "ml2_raw_tan_15": 2.586575403319882,
    "ml2_raw_tan_17": 2.5776034542726736,
    "ml2_raw_tan_19": 3.667362250164495,
    "ml2_raw_tan_21": 3.3108681368451913,
    "ml2_raw_tan_23": 3.6714862088967997,
    "ml2_raw_tan_25": 4.3603901063291195,
    "ml2_raw_tan_3": 1.1833565012513443,
    "ml2_raw_tan_5": 1.455092838568115,
    "ml2_raw_tan_7": 1.3948996269145906,
    "ml2_raw_tan_9": 1.5792895625146892,
    "ml2_raw_wide_cos_12": 1.8246916639626216,
    "ml2_raw_wide_cos_14": 2.2633508719012694,
    "ml2_raw_wide_cos_18": 2.82254288287081,
    "ml2_raw_wide_cos_2": 1.1534269405133697,
    "ml2_raw_wide_cos_20": 3.3140884357817977,
    "ml2_raw_wide_cos_6": 1.4565995219176142,
    "ml2_raw_wide_cos_8": 1.6936312114184373,
    "ml2_raw_wide_sin_11": 1.6760540181397365,
    "ml2_raw_wide_sin_13": 2.1924694280919987,
    "ml2_raw_wide_sin_15": 2.254695997121692,
    "ml2_raw_wide_sin_17": 2.673345535849566,
    "ml2_raw_wide_sin_19": 3.0444698564173804,
    "ml2_raw_wide_sin_3": 1.2544968247524266,
    "ml2_raw_wide_sin_5": 1.3791643279885746,
    "ml2_raw_wide_sin_7": 1.441973026114059,
    "ml2_raw_wide_sin_9": 1.4690965653170456,
    "ml2_sin_1": 2.9490002034362357,
    "ml2_sin_11": 4.408782019740605,
    "ml2_sin_13": 4.964440401435979,
    "ml2_sin_15": 4.888484788567242,
    "ml2_sin_17": 5.3309435019435005,
    "ml2_sin_19": 5.260313811480359,
    "ml2_sin_3": 3.535551532170506,
    "ml2_sin_5": 3.5221984464675042,
    "ml2_sin_7": 3.9808013301401086,
    "ml2_sin_9": 4.065039795011717,
    "ml2_tan_1": 3.0401597618189835,
    "ml2_tan_11": 4.341029006324178,
    "ml2_tan_13": 5.245966633127588,
    "ml2_tan_15": 5.5772999592516905,
    "ml2_tan_17": 5.545845913213653,
    "ml2_tan_19": 6.687810742876864,
    "ml2_tan_21": 6.0927214806977075,
    "ml2_tan_23": 6.978570819851978,
    "ml2_tan_25": 7.811113503308106,
    "ml2_tan_3": 3.398262605384054,
    "ml2_tan_5": 3.4861964277125965,
    "ml2_tan_7": 3.81786333770325,
    "ml2_tan_9": 4.672196371345602,
    "ml2_wide_cos_12": 3.579960655546371,
    "ml2_wide_cos_14": 3.5882703264083813,
    "ml2_wide_cos_18": 4.550228005514461,
    "ml2_wide_cos_2": 2.2152347121558904,
    "ml2_wide_cos_20": 4.807365839066653,
    "ml2_wide_cos_6": 2.6121962337566567,
    "ml2_wide_cos_8": 2.804427227640903,
    "ml2_wide_sin_11": 3.6027609059821692,
    "ml2_wide_sin_13": 3.987172481742318,
    "ml2_wide_sin_15": 4.383759772497956,
    "ml2_wide_sin_17": 4.6143468307046955,
    "ml2_wide_sin_19": 5.639418526761732,
    "ml2_wide_sin_3": 2.766625333769431,
    "ml2_wide_sin_5": 2.9282558686370406,
    "ml2_wide_sin_7": 3.1091055407103423,
    "ml2_wide_sin_9": 3.6805622896008585,
    "ml_exp_10": 8.833047964372748,
    "ml_exp_11": 9.628927797561586,
    "ml_exp_12": 10.097950792034355,
    "ml_exp_2": 5.04269327536406,
    "ml_exp_3": 5.6516218214730065,
    "ml_exp_4": 6.566108702135573,
    "ml_exp_5": 6.2693929345277715,
    "ml_exp_6": 7.0582113776587185,
    "ml_exp_7": 7.56659713651972,
    "ml_exp_8": 7.571102893822933,
    "ml_exp_9": 8.893423395601445,
    "sin_crlibm": 35.368535029709335,
    "sin_glibc": 9.28999864818246,
    "sin_mpfr": 1654.0490354658702,
    "sin_openlibm": 9.676649429505636,
    "sin_povray": 3.2186670480669948,
    "sin_vdt": 4.492781198666659,
    "sinf_glibc": 7.306797946721096,
    "sinf_openlibm": 8.06968352678055,
    "sinf_vdt": 4.774037298809345,
    "tan_crlibm": 81.45905408172312,
    "tan_glibc": 16.57150006838101,
    "tan_mpfr": 1950.465655676096,