{
    "exp_glibc": 9.027958714436611,
    "exp_mpfr": 968.8936456673746,
    "log_glibc": 10.566753996033267,
    "log_mpfr": 1233.1725506811704,
    "ml2_exp_1": 1.7884936118167112,
    "ml2_exp_10": 4.168496164432586,
    "ml2_exp_11": 4.645248435239573,
    "ml2_exp_12": 4.922965200213984,
    "ml2_exp_2": 1.9964604949190206,
    "ml2_exp_3": 2.192612697018201,
    "ml2_exp_4": 2.4053516099437307,
    "ml2_exp_5": 2.6221815285979297,
    "ml2_exp_6": 2.8830340988028604,
    "ml2_exp_7": 3.1710962880579823,
    "ml2_exp_8": 3.470426185160478,
    "ml2_exp_9": 3.7882211914105275,
    "ml2_log_1": 2.04889892625121,
    "ml2_log_10": 4.054050736826241,
    "ml2_log_11": 4.441524533698028,
    "ml2_log_12": 4.802003124669188,
    "ml2_log_13": 5.111184455905396,
    "ml2_log_14": 5.478442530639685,
    "ml2_log_15": 6.287719333490099,
    "ml2_log_16": 6.749644805403436,
    "ml2_log_2": 2.2764130722599996,
    "ml2_log_3": 2.2760374436299906,
    "ml2_log_4": 2.5039877414912115,
    "ml2_log_5": 2.5037704482142464,
    "ml2_log_6": 2.593140535725302,
    "ml2_log_7": 2.941871112841792,
    "ml2_log_8": 3.2578584463156894,
    "ml2_log_9": 3.5988436160259725,
    "ml2_raw_exp_1": 1.3651044388793103,
    "ml2_raw_exp_10": 2.887762290024784,
    "ml2_raw_exp_11": 3.1783840141586546,
    "ml2_raw_exp_12": 3.386393411611175,
    "ml2_raw_exp_2": 1.3652576308786277,
    "ml2_raw_exp_3": 1.3651460513048628,
    "ml2_raw_exp_4": 1.365638974641,
    "ml2_raw_exp_5": 1.5928237098887335,
    "ml2_raw_exp_6": 1.6423343214277333,
    "ml2_raw_exp_7": 1.920316714932691,
    "ml2_raw_exp_8": 2.2102567408447853,
    "ml2_raw_exp_9": 2.567212469723216,
    "ml2_raw_log_1": 1.1376091852567147,
    "ml2_raw_log_10": 2.8881480807144615,
    "ml2_raw_log_11": 3.1809580895685188,
    "ml2_raw_log_12": 3.583046464563525,
    "ml2_raw_log_13": 4.0098400505321905,
    "ml2_raw_log_14": 4.379805105062775,
    "ml2_raw_log_15": 4.697759608913567,
    "ml2_raw_log_16": 5.4527332557752475,
    "ml2_raw_log_2": 1.1380344092483152,
    "ml2_raw_log_3": 1.3650330090467984,
    "ml2_raw_log_4": 1.3651300617053619,
    "ml2_raw_log_5": 1.3922480259762648,
    "ml2_raw_log_6": 1.6429440242807298,
    "ml2_raw_log_7": 1.896696242926759,
    "ml2_raw_log_8": 2.210472545237401,
    "ml2_raw_log_9": 2.535614359765486,
    "ml2_raw_sin_1": 1.1381034071276666,
    "ml2_raw_sin_11": 1.6421966060320095,
    "ml2_raw_sin_13": 1.935710129586666,
    "ml2_raw_sin_15": 2.222331337931559,
    "ml2_raw_sin_17": 2.220687114389521,
    "ml2_raw_sin_19": 2.533845852103846,
    "ml2_raw_sin_3": 1.1395228153885966,
    "ml2_raw_sin_5": 1.3662364284711606,
    "ml2_raw_sin_7": 1.370322722755068,
    "ml2_raw_sin_9": 1.391294993155361,
    "ml2_raw_tan_1": 1.1381708682998228,
    "ml2_raw_tan_11": 1.927106263915695,
    "ml2_raw_tan_13": 1.9360044118804425,
    "ml2_raw_tan_15": 2.2347108778049067,
    "ml2_raw_tan_17": 2.5308676200995897,
    "ml2_raw_tan_19": 2.898447174808764,
    "ml2_raw_tan_21": 3.258021126087751,
    "ml2_raw_tan_23": 3.577736090572579,
    "ml2_raw_tan_25": 3.864036215986224,
    "ml2_raw_tan_3": 1.366028224880131,
    "ml2_raw_tan_5": 1.3660172407602993,
    "ml2_raw_tan_7": 1.3702627223082362,
    "ml2_raw_tan_9": 1.5942673887897065,
    "ml2_sin_1": 2.9865215209137537,
    "ml2_sin_11": 4.282198545712863,
    "ml2_sin_13": 4.522147573305843,
    "ml2_sin_15": 4.788945691461086,
    "ml2_sin_17": 4.910759159479232,
    "ml2_sin_19": 5.186470239198915,
    "ml2_sin_3": 3.258832347510818,
    "ml2_sin_5": 3.469929516064715,
    "ml2_sin_7": 3.750305906138798,
    "ml2_sin_9": 4.01274233313038,
    "ml2_tan_1": 3.1989936264438663,
    "ml2_tan_11": 4.306586284172377,
    "ml2_tan_13": 4.847129050048385,
    "ml2_tan_15": 5.162432662454671,
    "ml2_tan_17": 5.35108672999105,
    "ml2_tan_19": 5.701017178724785,
    "ml2_tan_21": 6.03200156882937,
    "ml2_tan_23": 6.655824023587026,
    "ml2_tan_25": 7.194998033749583,
    "ml2_tan_3": 3.186166014291246,
    "ml2_tan_5": 3.4417817747329296,
    "ml2_tan_7": 3.7069463505211515,
    "ml2_tan_9": 3.998257367416432,
    "ml_exp_10": 8.742066046240183,
    "ml_exp_11": 9.189622716631403,
    "ml_exp_12": 9.349520040486722,
    "ml_exp_2": 4.873476833565738,
    "ml_exp_3": 5.526258809313052,
    "ml_exp_4": 5.934906403167059,
    "ml_exp_5": 6.144080499196272,
    "ml_exp_6": 6.717963717733701,
    "ml_exp_7": 7.210755425266694,
    "ml_exp_8": 7.443529048229432,
    "ml_exp_9": 7.947534803568204,
    "ml_log_1": 6.137232005957528,
    "ml_log_10": 9.788700635280762,
    "ml_log_11": 10.272523297438738,
    "ml_log_12": 10.666252490627773,
    "ml_log_13": 11.327935793235092,
    "ml_log_14": 12.454777441835237,
    "ml_log_15": 12.310961167582125,
    "ml_log_16": 12.617330704071659,
    "ml_log_2": 6.63283850266211,
    "ml_log_3": 7.199958763014955,
    "ml_log_4": 7.564519595790502,
    "ml_log_5": 7.8669847600805385,
    "ml_log_6": 8.500730103848158,
    "ml_log_7": 8.78726183377921,
    "ml_log_8": 9.065175681327522,
    "ml_log_9": 9.620117619406729,
    "ml_sin_1": 11.209486041922476,
    "ml_sin_2": 11.196085042019416,
    "ml_sin_3": 11.198238729323869,
    "ml_sin_4": 11.197463578211805,
    "ml_sin_5": 11.216122887112087,
    "sin_glibc": 10.70383356268373,
    "sin_mpfr": 1618.5421453455845,
    "tan_glibc": 25.639187234840765,
    "tan_mpfr": 1788.8590586813414
}
